[{"model": "auth.permission", "pk": 40, "fields": {"name": "Can add log entry", "content_type": 14, "codename": "add_logentry"}}, {"model": "auth.permission", "pk": 41, "fields": {"name": "Can change log entry", "content_type": 14, "codename": "change_logentry"}}, {"model": "auth.permission", "pk": 42, "fields": {"name": "Can delete log entry", "content_type": 14, "codename": "delete_logentry"}}, {"model": "auth.permission", "pk": 43, "fields": {"name": "Can add permission", "content_type": 15, "codename": "add_permission"}}, {"model": "auth.permission", "pk": 44, "fields": {"name": "Can change permission", "content_type": 15, "codename": "change_permission"}}, {"model": "auth.permission", "pk": 45, "fields": {"name": "Can delete permission", "content_type": 15, "codename": "delete_permission"}}, {"model": "auth.permission", "pk": 46, "fields": {"name": "Can add group", "content_type": 16, "codename": "add_group"}}, {"model": "auth.permission", "pk": 47, "fields": {"name": "Can change group", "content_type": 16, "codename": "change_group"}}, {"model": "auth.permission", "pk": 48, "fields": {"name": "Can delete group", "content_type": 16, "codename": "delete_group"}}, {"model": "auth.permission", "pk": 49, "fields": {"name": "Can add user", "content_type": 17, "codename": "add_user"}}, {"model": "auth.permission", "pk": 50, "fields": {"name": "Can change user", "content_type": 17, "codename": "change_user"}}, {"model": "auth.permission", "pk": 51, "fields": {"name": "Can delete user", "content_type": 17, "codename": "delete_user"}}, {"model": "auth.permission", "pk": 52, "fields": {"name": "Can add content type", "content_type": 18, "codename": "add_contenttype"}}, {"model": "auth.permission", "pk": 53, "fields": {"name": "Can change content type", "content_type": 18, "codename": "change_contenttype"}}, {"model": "auth.permission", "pk": 54, "fields": {"name": "Can delete content type", "content_type": 18, "codename": "delete_contenttype"}}, {"model": "auth.permission", "pk": 55, "fields": {"name": "Can add session", "content_type": 19, "codename": "add_session"}}, {"model": "auth.permission", "pk": 56, "fields": {"name": "Can change session", "content_type": 19, "codename": "change_session"}}, {"model": "auth.permission", "pk": 57, "fields": {"name": "Can delete session", "content_type": 19, "codename": "delete_session"}}, {"model": "auth.permission", "pk": 58, "fields": {"name": "Can add Product", "content_type": 20, "codename": "add_product"}}, {"model": "auth.permission", "pk": 59, "fields": {"name": "Can change Product", "content_type": 20, "codename": "change_product"}}, {"model": "auth.permission", "pk": 60, "fields": {"name": "Can delete Product", "content_type": 20, "codename": "delete_product"}}, {"model": "auth.permission", "pk": 61, "fields": {"name": "Can add Photo", "content_type": 21, "codename": "add_productimage"}}, {"model": "auth.permission", "pk": 62, "fields": {"name": "Can change Photo", "content_type": 21, "codename": "change_productimage"}}, {"model": "auth.permission", "pk": 63, "fields": {"name": "Can delete Photo", "content_type": 21, "codename": "delete_productimage"}}, {"model": "auth.permission", "pk": 64, "fields": {"name": "Can add OS", "content_type": 22, "codename": "add_operational_system"}}, {"model": "auth.permission", "pk": 65, "fields": {"name": "Can change OS", "content_type": 22, "codename": "change_operational_system"}}, {"model": "auth.permission", "pk": 66, "fields": {"name": "Can delete OS", "content_type": 22, "codename": "delete_operational_system"}}, {"model": "auth.permission", "pk": 67, "fields": {"name": "Can add Order", "content_type": 23, "codename": "add_order"}}, {"model": "auth.permission", "pk": 68, "fields": {"name": "Can change Order", "content_type": 23, "codename": "change_order"}}, {"model": "auth.permission", "pk": 69, "fields": {"name": "Can delete Order", "content_type": 23, "codename": "delete_order"}}, {"model": "auth.permission", "pk": 70, "fields": {"name": "Can add Product in order", "content_type": 24, "codename": "add_productinorder"}}, {"model": "auth.permission", "pk": 71, "fields": {"name": "Can change Product in order", "content_type": 24, "codename": "change_productinorder"}}, {"model": "auth.permission", "pk": 72, "fields": {"name": "Can delete Product in order", "content_type": 24, "codename": "delete_productinorder"}}, {"model": "auth.permission", "pk": 73, "fields": {"name": "Can add Status", "content_type": 25, "codename": "add_status"}}, {"model": "auth.permission", "pk": 74, "fields": {"name": "Can change Status", "content_type": 25, "codename": "change_status"}}, {"model": "auth.permission", "pk": 75, "fields": {"name": "Can delete Status", "content_type": 25, "codename": "delete_status"}}, {"model": "auth.permission", "pk": 76, "fields": {"name": "Can add Product in basket", "content_type": 26, "codename": "add_productinbasket"}}, {"model": "auth.permission", "pk": 77, "fields": {"name": "Can change Product in basket", "content_type": 26, "codename": "change_productinbasket"}}, {"model": "auth.permission", "pk": 78, "fields": {"name": "Can delete Product in basket", "content_type": 26, "codename": "delete_productinbasket"}}, {"model": "auth.permission", "pk": 79, "fields": {"name": "Can add Built in memory", "content_type": 27, "codename": "add_builtinmemory"}}, {"model": "auth.permission", "pk": 80, "fields": {"name": "Can change Built in memory", "content_type": 27, "codename": "change_builtinmemory"}}, {"model": "auth.permission", "pk": 81, "fields": {"name": "Can delete Built in memory", "content_type": 27, "codename": "delete_builtinmemory"}}, {"model": "auth.permission", "pk": 82, "fields": {"name": "Can add Diagonal", "content_type": 28, "codename": "add_diagonal"}}, {"model": "auth.permission", "pk": 83, "fields": {"name": "Can change Diagonal", "content_type": 28, "codename": "change_diagonal"}}, {"model": "auth.permission", "pk": 84, "fields": {"name": "Can delete Diagonal", "content_type": 28, "codename": "delete_diagonal"}}, {"model": "auth.permission", "pk": 85, "fields": {"name": "Can add Processor", "content_type": 29, "codename": "add_processor"}}, {"model": "auth.permission", "pk": 86, "fields": {"name": "Can change Processor", "content_type": 29, "codename": "change_processor"}}, {"model": "auth.permission", "pk": 87, "fields": {"name": "Can delete Processor", "content_type": 29, "codename": "delete_processor"}}, {"model": "auth.permission", "pk": 88, "fields": {"name": "Can add RAM", "content_type": 30, "codename": "add_ram"}}, {"model": "auth.permission", "pk": 89, "fields": {"name": "Can change RAM", "content_type": 30, "codename": "change_ram"}}, {"model": "auth.permission", "pk": 90, "fields": {"name": "Can delete RAM", "content_type": 30, "codename": "delete_ram"}}, {"model": "auth.permission", "pk": 91, "fields": {"name": "Can add Screen resolution", "content_type": 31, "codename": "add_screenresolution"}}, {"model": "auth.permission", "pk": 92, "fields": {"name": "Can change Screen resolution", "content_type": 31, "codename": "change_screenresolution"}}, {"model": "auth.permission", "pk": 93, "fields": {"name": "Can delete Screen resolution", "content_type": 31, "codename": "delete_screenresolution"}}, {"model": "auth.permission", "pk": 94, "fields": {"name": "Can add comment", "content_type": 32, "codename": "add_comment"}}, {"model": "auth.permission", "pk": 95, "fields": {"name": "Can change comment", "content_type": 32, "codename": "change_comment"}}, {"model": "auth.permission", "pk": 96, "fields": {"name": "Can delete comment", "content_type": 32, "codename": "delete_comment"}}, {"model": "auth.permission", "pk": 97, "fields": {"name": "Can add profile", "content_type": 33, "codename": "add_profile"}}, {"model": "auth.permission", "pk": 98, "fields": {"name": "Can change profile", "content_type": 33, "codename": "change_profile"}}, {"model": "auth.permission", "pk": 99, "fields": {"name": "Can delete profile", "content_type": 33, "codename": "delete_profile"}}, {"model": "auth.permission", "pk": 100, "fields": {"name": "Can add avatar", "content_type": 34, "codename": "add_avatar"}}, {"model": "auth.permission", "pk": 101, "fields": {"name": "Can change avatar", "content_type": 34, "codename": "change_avatar"}}, {"model": "auth.permission", "pk": 102, "fields": {"name": "Can delete avatar", "content_type": 34, "codename": "delete_avatar"}}, {"model": "auth.user", "pk": 1, "fields": {"password": "pbkdf2_sha256$36000$C068aygkdCS6$vJRvpkzcJLdhx9AoZk5jtzavLlJMAEA5mArVtaoHk60=", "last_login": "2018-03-14T21:41:50.261", "is_superuser": true, "username": "admin", "first_name": "", "last_name": "", "email": "m.nikolaev1@gmail.com", "is_staff": true, "is_active": true, "date_joined": "2017-12-07T16:41:40", "groups": [], "user_permissions": [40, 41, 42, 46, 47, 48, 43, 44, 45, 49, 50, 51, 52, 53, 54, 67, 68, 69, 76, 77, 78, 70, 71, 72, 73, 74, 75, 79, 80, 81, 82, 83, 84, 64, 65, 66, 85, 86, 87, 58, 59, 60, 61, 62, 63, 88, 89, 90, 91, 92, 93, 55, 56, 57]}}, {"model": "auth.user", "pk": 13, "fields": {"password": "pbkdf2_sha256$36000$JqqNF8rqhTwP$aXYra+ZwDMpP0TN23qpLSJKdtQrpIwJ3KDmS9HTY5HU=", "last_login": "2018-03-14T21:42:53.225", "is_superuser": false, "username": "Boris", "first_name": "", "last_name": "", "email": "boris@boris.bor", "is_staff": true, "is_active": true, "date_joined": "2018-02-07T08:50:36", "groups": [], "user_permissions": []}}, {"model": "auth.user", "pk": 20, "fields": {"password": "andrey", "last_login": null, "is_superuser": false, "username": "Andrey", "first_name": "", "last_name": "", "email": "andr@andr.ru", "is_staff": false, "is_active": true, "date_joined": "2018-02-08T15:31:11.113", "groups": [], "user_permissions": []}}, {"model": "auth.user", "pk": 21, "fields": {"password": "pavel", "last_login": null, "is_superuser": false, "username": "Pavel", "first_name": "", "last_name": "", "email": "pav@pav.ru", "is_staff": false, "is_active": true, "date_joined": "2018-02-08T15:31:11.562", "groups": [], "user_permissions": []}}, {"model": "auth.user", "pk": 22, "fields": {"password": "dima", "last_login": null, "is_superuser": false, "username": "Dmitriy", "first_name": "", "last_name": "", "email": "dim@dim.ru", "is_staff": false, "is_active": true, "date_joined": "2018-02-08T15:31:11.961", "groups": [], "user_permissions": []}}, {"model": "auth.user", "pk": 23, "fields": {"password": "alex", "last_login": null, "is_superuser": false, "username": "Alex", "first_name": "", "last_name": "", "email": "alex@alex.ru", "is_staff": false, "is_active": true, "date_joined": "2018-02-08T15:31:12.112", "groups": [], "user_permissions": []}}, {"model": "auth.user", "pk": 24, "fields": {"password": "", "last_login": null, "is_superuser": false, "username": "88888888", "first_name": "Valeriy", "last_name": "", "email": "", "is_staff": false, "is_active": true, "date_joined": "2018-02-08T15:44:52.476", "groups": [], "user_permissions": []}}, {"model": "auth.user", "pk": 25, "fields": {"password": "pbkdf2_sha256$36000$SGiwkmvKHdU8$4I2Mo35GiXiozFdzH2VHVUtSb3KHUA07/jCZLN5+uII=", "last_login": "2018-02-08T15:46:14.478", "is_superuser": false, "username": "Sasha", "first_name": "", "last_name": "", "email": "sa@sa.ru", "is_staff": false, "is_active": true, "date_joined": "2018-02-08T15:46:14.104", "groups": [], "user_permissions": []}}, {"model": "auth.user", "pk": 26, "fields": {"password": "", "last_login": null, "is_superuser": false, "username": "111111111", "first_name": "sasha", "last_name": "", "email": "", "is_staff": false, "is_active": true, "date_joined": "2018-02-08T15:46:59.093", "groups": [], "user_permissions": []}}, {"model": "auth.user", "pk": 27, "fields": {"password": "pbkdf2_sha256$36000$FH92aLnBXbxk$3x/bquy9IC99Rm6BRFngXppM60pNOETV0g+xJXNnTJE=", "last_login": "2018-03-10T12:20:54.723", "is_superuser": false, "username": "Vasiiliy", "first_name": "", "last_name": "", "email": "vas@vas.com", "is_staff": false, "is_active": true, "date_joined": "2018-03-10T12:20:54.388", "groups": [], "user_permissions": []}}, {"model": "auth.user", "pk": 28, "fields": {"password": "pbkdf2_sha256$36000$ou0STYMQT3Yo$9UW+u+KNkeQhOxbE6UbOfHS4X91pL89Y+ocxicHyu4M=", "last_login": "2018-03-14T16:40:25.186", "is_superuser": false, "username": "Ira", "first_name": "", "last_name": "", "email": "ira@ira.com", "is_staff": false, "is_active": true, "date_joined": "2018-03-10T12:34:00.827", "groups": [], "user_permissions": []}}, {"model": "auth.user", "pk": 29, "fields": {"password": "pbkdf2_sha256$36000$1euddn7UuT3n$YTDDZe8rfVI223bK4E76gZxqphY23YieRWWrCZcjHNY=", "last_login": "2018-03-10T15:05:19.670", "is_superuser": false, "username": "Anna", "first_name": "", "last_name": "", "email": "anna@ira.com", "is_staff": false, "is_active": true, "date_joined": "2018-03-10T12:40:19.131", "groups": [], "user_permissions": []}}, {"model": "avatar.avatar", "pk": 3, "fields": {"user": 1, "primary": false, "avatar": "avatars/admin/025_x4848cO.jpg", "date_uploaded": "2018-03-12T14:31:24.688"}}, {"model": "avatar.avatar", "pk": 4, "fields": {"user": 1, "primary": false, "avatar": "avatars/admin/025_7UjS7ct.jpg", "date_uploaded": "2018-03-12T14:31:46.764"}}, {"model": "avatar.avatar", "pk": 5, "fields": {"user": 1, "primary": true, "avatar": "avatars/admin/025_eR96mW8.jpg", "date_uploaded": "2018-03-12T14:31:53.197"}}, {"model": "avatar.avatar", "pk": 6, "fields": {"user": 1, "primary": false, "avatar": "avatars/admin/025_9sZBADQ.jpg", "date_uploaded": "2018-03-12T14:32:24.325"}}, {"model": "avatar.avatar", "pk": 7, "fields": {"user": 13, "primary": true, "avatar": "avatars/Boris/VaApttq9J_l.jpg", "date_uploaded": "2018-03-12T14:51:02.473"}}, {"model": "avatar.avatar", "pk": 8, "fields": {"user": 28, "primary": true, "avatar": "avatars/Ira/i.webp", "date_uploaded": "2018-03-12T15:00:40.406"}}, {"model": "comments.comment", "pk": 1, "fields": {"user": 1, "content_type": 20, "object_id": 2, "parent": null, "content": "Great device", "timestamp": "2018-02-07T08:34:26.592"}}, {"model": "comments.comment", "pk": 2, "fields": {"user": 1, "content_type": 20, "object_id": 2, "parent": 1, "content": "Agree", "timestamp": "2018-02-07T08:36:06.286"}}, {"model": "comments.comment", "pk": 3, "fields": {"user": 1, "content_type": 20, "object_id": 2, "parent": 1, "content": "+1", "timestamp": "2018-02-07T08:45:42.103"}}, {"model": "comments.comment", "pk": 4, "fields": {"user": 13, "content_type": 20, "object_id": 2, "parent": null, "content": "Good choice", "timestamp": "2018-02-07T08:50:47.155"}}, {"model": "comments.comment", "pk": 5, "fields": {"user": 20, "content_type": 20, "object_id": 2, "parent": null, "content": "I prefere that one", "timestamp": "2018-02-08T15:31:12.194"}}, {"model": "comments.comment", "pk": 6, "fields": {"user": 20, "content_type": 20, "object_id": 2, "parent": null, "content": "That's a good tablet", "timestamp": "2018-02-08T15:31:12.272"}}, {"model": "comments.comment", "pk": 7, "fields": {"user": 20, "content_type": 20, "object_id": 2, "parent": 6, "content": "That's a good tablet", "timestamp": "2018-02-08T15:31:12.362"}}, {"model": "comments.comment", "pk": 8, "fields": {"user": 20, "content_type": 20, "object_id": 3, "parent": null, "content": "That's a good tablet", "timestamp": "2018-02-08T15:31:12.450"}}, {"model": "comments.comment", "pk": 9, "fields": {"user": 20, "content_type": 20, "object_id": 3, "parent": null, "content": "I've used it for a long time and can recommend it", "timestamp": "2018-02-08T15:31:12.529"}}, {"model": "comments.comment", "pk": 10, "fields": {"user": 21, "content_type": 20, "object_id": 3, "parent": 9, "content": "I've used it for a long time and can recommend it", "timestamp": "2018-02-08T15:31:12.608"}}, {"model": "comments.comment", "pk": 11, "fields": {"user": 21, "content_type": 20, "object_id": 4, "parent": null, "content": "I prefere that one", "timestamp": "2018-02-08T15:31:12.684"}}, {"model": "comments.comment", "pk": 12, "fields": {"user": 20, "content_type": 20, "object_id": 4, "parent": null, "content": "Great gadget", "timestamp": "2018-02-08T15:31:12.761"}}, {"model": "comments.comment", "pk": 13, "fields": {"user": 21, "content_type": 20, "object_id": 4, "parent": 12, "content": "It's my comment", "timestamp": "2018-02-08T15:31:12.841"}}, {"model": "comments.comment", "pk": 14, "fields": {"user": 23, "content_type": 20, "object_id": 5, "parent": null, "content": "It's my comment", "timestamp": "2018-02-08T15:31:12.917"}}, {"model": "comments.comment", "pk": 15, "fields": {"user": 22, "content_type": 20, "object_id": 5, "parent": 14, "content": "That's a good tablet", "timestamp": "2018-02-08T15:31:13.009"}}, {"model": "comments.comment", "pk": 16, "fields": {"user": 21, "content_type": 20, "object_id": 6, "parent": null, "content": "I prefere that one", "timestamp": "2018-02-08T15:31:13.095"}}, {"model": "comments.comment", "pk": 17, "fields": {"user": 21, "content_type": 20, "object_id": 6, "parent": null, "content": "Great gadget", "timestamp": "2018-02-08T15:31:13.175"}}, {"model": "comments.comment", "pk": 18, "fields": {"user": 23, "content_type": 20, "object_id": 6, "parent": 17, "content": "That's a good tablet", "timestamp": "2018-02-08T15:31:13.250"}}, {"model": "comments.comment", "pk": 19, "fields": {"user": 23, "content_type": 20, "object_id": 7, "parent": null, "content": "That's a good tablet", "timestamp": "2018-02-08T15:31:13.329"}}, {"model": "comments.comment", "pk": 20, "fields": {"user": 23, "content_type": 20, "object_id": 7, "parent": null, "content": "I prefere that one", "timestamp": "2018-02-08T15:31:13.406"}}, {"model": "comments.comment", "pk": 21, "fields": {"user": 20, "content_type": 20, "object_id": 7, "parent": 20, "content": "I've used it for a long time and can recommend it", "timestamp": "2018-02-08T15:31:13.484"}}, {"model": "comments.comment", "pk": 22, "fields": {"user": 23, "content_type": 20, "object_id": 8, "parent": null, "content": "I've used it for a long time and can recommend it", "timestamp": "2018-02-08T15:31:13.561"}}, {"model": "comments.comment", "pk": 23, "fields": {"user": 22, "content_type": 20, "object_id": 8, "parent": null, "content": "I prefere that one", "timestamp": "2018-02-08T15:31:13.650"}}, {"model": "comments.comment", "pk": 24, "fields": {"user": 22, "content_type": 20, "object_id": 8, "parent": 23, "content": "Great gadget", "timestamp": "2018-02-08T15:31:13.743"}}, {"model": "comments.comment", "pk": 25, "fields": {"user": 23, "content_type": 20, "object_id": 9, "parent": null, "content": "It's my comment", "timestamp": "2018-02-08T15:31:13.825"}}, {"model": "comments.comment", "pk": 26, "fields": {"user": 22, "content_type": 20, "object_id": 9, "parent": null, "content": "I've used it for a long time and can recommend it", "timestamp": "2018-02-08T15:31:13.895"}}, {"model": "comments.comment", "pk": 27, "fields": {"user": 21, "content_type": 20, "object_id": 9, "parent": 26, "content": "It's my comment", "timestamp": "2018-02-08T15:31:13.975"}}, {"model": "comments.comment", "pk": 28, "fields": {"user": 23, "content_type": 20, "object_id": 10, "parent": null, "content": "It's my comment", "timestamp": "2018-02-08T15:31:14.051"}}, {"model": "comments.comment", "pk": 29, "fields": {"user": 23, "content_type": 20, "object_id": 10, "parent": null, "content": "I've used it for a long time and can recommend it", "timestamp": "2018-02-08T15:31:14.128"}}, {"model": "comments.comment", "pk": 30, "fields": {"user": 21, "content_type": 20, "object_id": 10, "parent": 29, "content": "It's my comment", "timestamp": "2018-02-08T15:31:14.217"}}]